ShipType,ShipName
Cargo - 7,KAROLI - 2764
Cargo - 7,KERLI - 3338
Cargo - 7,FINNKRAFT - 3615
Cargo - 7,FINNPULP - 5628
Cargo - 7,MERI - 6223
Tanker - 8,BALTICO - 6333
Tanker - 8,SUULA - 6349
Unspecified - 0,VTS HEL - 23788
Tug - 3,SAR 111261105 - 73528
Cargo - 7,IDUNA - 122006
Cargo - 7,WILSON SKY - 122250
Cargo - 7,THURKUS - 122562
Cargo - 7,ARETHOUSA - 123147
Cargo - 7,TOLLUND - 124752
Tug - 3,CRESTWAY - 126010
Cargo - 7,SELENE PRAHM - 130867
Cargo - 7,PHOENIX II - 132427
Cargo - 7,VITIM - 145203
Tanker - 8,MURRAY STAR - 149310
Cargo - 7,MAERSKMCKINNEYMOLLER - 155711
Tanker - 8,MARINUS - 156246
Cargo - 7,ANGLIA SEAWAYS - 156758
Tanker - 8,NEPTUNUS - 157057
Fishing - 2,KAPITAN GERASHCHENKO - 181857
Tug - 3,DC OSTEND - 184318
Cargo - 7,KAREN C - 195991
Tug - 3,BOA ODIN - 196066
Passenger - 6,STENA BALTICA - 201103
Tug - 3,EILEEN MCLOUGHLIN - 201104
Tug - 3,MEWO NAVIGATOR - 201975
Tanker - 8,ORAMALIA - 204384
Cargo - 7,PHANTOM - 204427
Cargo - 7,MULTIMAR - 205520
Cargo - 7,LIV KRISTIN - 205637
Cargo - 7,TRANSOSPREY - 206401
Tanker - 8,MINERVA GEORGIA - 213558
Tanker - 8,MINERVA ALICE - 214595
Cargo - 7,SANDETTIE - 222305
Tanker - 8,THUN GALAXY - 223660
Cargo - 7,HENDRIKA MARGARETHA - 226912
Cargo - 7,ENFORCER - 231568
Cargo - 7,EMOTION - 254064
Cargo - 7,TINA - 259202
Cargo - 7,DONGEBORG - 260071
Cargo - 7,LINGEDIJK - 264274
Cargo - 7,THEA MARIEKE - 265510
Cargo - 7,ALANA EVITA - 268459
Tanker - 8,PRINS MAURITS - 272139
Passenger - 6,SCOTTISH VIKING - 280027
Cargo - 7,BOGDAN - 283730
Cargo - 7,WILSON BILBAO - 287761
Tug - 3,JAMES COOK - 297592
Tanker - 8,LUKE - 299816
Cargo - 7,AKACIA - 300096
Cargo - 7,IRIS BOLTEN - 300118
Cargo - 7,FREDERIK - 300801
Cargo - 7,BALTIYSKIY-202 - 301169
Tanker - 8,MARY A - 301374
Tanker - 8,SOLSTRAUM - 304547
Cargo - 7,STAR ISFJORD - 307788
Tug - 3,MAJA - 315660
Tug - 3,TYTAN - 315661
Tug - 3,OCEANIA - 315663
Tug - 3,ARES - 315672
Tug - 3,AGIS - 315676
Tug - 3,ARGO - 315677
Tug - 3,AJAKS - 315679
Tanker - 8,HALICZ - 315687
Passenger - 6,RUBIN - 315695
Tug - 3,PILOT-5 - 315705
Tug - 3,TUCANA - 315719
Tanker - 8,PORONIEC - 315728
Tug - 3,IKAR - 315739
Fishing - 2,WLA 108 - 315746
Fishing - 2,LEB-7 - 315753
Tug - 3,INZ. ST. LEGOWSKI - 315755
Passenger - 6,AGAT - 315775
Fishing - 2,HEL-111 - 315804
Fishing - 2,HEL 112 - 315805
Tug - 3,SM PRC 112 - 315812
Tug - 3,SM PRC 105 - 315816
Tug - 3,SM PRC 108 - 315820
Tug - 3,SMPRC110 - 315824
Tug - 3,TAURUS - 315869
Fishing - 2,KAPER-2 SG-312 - 315877
Tug - 3,WIATR - 315892
Fishing - 2,HEL-150 - 315901
Fishing - 2,HEL 23 - 315903
Fishing - 2,WLA 253 - 315907
Fishing - 2,JAS 102 - 315927
Fishing - 2,JAS-74 - 315929
Fishing - 2,JAS 78 - 315930
Fishing - 2,WLA-305 - 315946
Fishing - 2,GDA-20 - 315959
Fishing - 2,GDA-18 - 315960
Fishing - 2,JAS-64 - 315968
Fishing - 2,WLA-291 - 315971
Fishing - 2,JAS-80 - 315979
Fishing - 2,JAS 77 - 315986
Fishing - 2,JAS 31 - 315998
Fishing - 2,HEL-152 - 316004
Fishing - 2,WLA 51 - 316016
Fishing - 2,WLA-217 - 316038
Fishing - 2,WLA-197 - 316044
Fishing - 2,JAS 39 - 316046
Fishing - 2,JAS-12 - 316049
Fishing - 2,JAS 51 - 316050
Tug - 3,PILOT 20 - 316051
Tug - 3,PILOT21 - 316052
Fishing - 2,HEL-103 - 316056
Fishing - 2,HEL-102 - 316061
Pleasure - 9,LE VOYAGEUR - 316076
Fishing - 2,JAS 76 - 316086
Fishing - 2,ZAG 31 - 316093
Fishing - 2,WLA 31 - 316106
Fishing - 2,WLA-207 - 316111
Fishing - 2,WLA-196 - 316117
Fishing - 2,WLA 60 - 316135
Tug - 3,HYDROGRAF 10 - 316141
Pleasure - 9,CHA-10 - 316153
Cargo - 7,SM-PRC-107 - 316156
Tug - 3,CENTAUR II - 316174
Fishing - 2,WLA 80 - 316202
Tug - 3,KOL-110 - 316203
Fishing - 2,WLA-65 - 316212
Pleasure - 9,ANNA MARIA - 316232
Fishing - 2,WLA-67 - 316236
Tug - 3,R-20 - 316243
Tug - 3,KONTROLER 19 - 316265
Tug - 3,ZAG-27 - 316291
Pleasure - 9,FILIPPO - 316312
Fishing - 2,HEL-4 - 316334
Fishing - 2,KUZ-42 - 316335
Pleasure - 9,KAPITAN BORCHARDT - 316404
Pleasure - 9,"KM ,TAN BORCHARDT - 316404"
Fishing - 2,HEL-30 - 316405
Fishing - 2,WLA-84 - 316410
Pleasure - 9,MAGNUS ZAREMBA - 316513
Fishing - 2,ZAG-21 - 316518
Unspecified - 0,KONTROLER 20 - 316546
Pleasure - 9,ANKAWER IV - 316558
Fishing - 2,BALTICA - 316599
Tug - 3,KAPITAN POINC - 316649
Tug - 3,WEZYR 1 - 316784
Tug - 3,ZODIAK - 316904
Tanker - 8,ROMANKA - 316923
Fishing - 2,FRANEK ZUBRZYCKI - 316934
Tug - 3,ZEUS - 316950
Tug - 3,ORP BALTYK - 316969
Tug - 3,ORP CZERNICKI - 316974
Tug - 3,ORP ZBYSZKO - 316982
Tug - 3,ORP ARCTOWSKI - 317044
Tug - 3,HEWELIUSZ - 317046
Tug - 3,WDZYDZE - 317050
Tug - 3,ORP BIELIK - 317143
Pleasure - 9,ZAWISZA CZARNY - 317163
Tug - 3,IMOR - 317202
Tug - 3,VIRTUS - 317353
Fishing - 2,ORKA WLA-139 - 317379
Tug - 3,R3 - 317395
Tug - 3,AKUL - 317421
Cargo - 7,VASTANVIK - 319974
Passenger - 6,STENA VISION - 320105
Cargo - 7,STENA FORERUNNER - 326898
Tanker - 8,RAMONA - 327030
Cargo - 7,NURI SONAY - 335231
Fishing - 2,KAPITAN KRAVCHENKO - 345748
Cargo - 7,SORMOVSKIY-3055 - 345789
Cargo - 7,OMSKIY-140 - 346053
Fishing - 2,BORIS SYROMYATNIKOV - 351078
Fishing - 2,KURSHSKAYA KOSA - 351087
Fishing - 2,LIRA - 351089
Fishing - 2,AGNESE - 352224
Cargo - 7,LIVA GRETA - 352321
Cargo - 7,RIX STAR - 352437
Tug - 3,VEGA - 352928
Cargo - 7,DORNUM - 359396
Cargo - 7,WIEBKE D - 359605
Cargo - 7,LISA - 360595
Cargo - 7,LISA D - 361457
Cargo - 7,MARNE - 361900
Cargo - 7,ASKOE - 362322
Cargo - 7,WILSON HOLLA - 362411
Cargo - 7,JSP ROVER - 362817
Cargo - 7,MARIS - 362969
Cargo - 7,BELIZIA - 364158
Cargo - 7,RMS RAHM - 364258
Cargo - 7,WILSON VOLOS - 365383
Cargo - 7,ALEXANDER B - 365485
Tug - 3,FAIRPLAY-26 - 365512
Cargo - 7,WES JANINE - 366006
Cargo - 7,VENTURA - 366974
Cargo - 7,FRI OCEAN - 370097
Cargo - 7,BALTICA HAV - 370709
Cargo - 7,MILAN EXPRESS - 371109
Cargo - 7,JUNO - 373303
Cargo - 7,GREEN MALOY - 373510
Passenger - 6,STENA SPIRIT - 373778
Passenger - 6,M/F WAWEL - 376082
Tanker - 8,ASTERDEA - 402746
Cargo - 7,SEASTAR ENDURANCE - 406999
Cargo - 7,MSC MATILDE - 412843
Cargo - 7,ATROTOS HERACLES - 415711
Cargo - 7,SILVER FJORD - 421615
Cargo - 7,LILY-B - 458566
Cargo - 7,ROBIN WIND - 461454
Cargo - 7,SANTA URSULA - 465205
Cargo - 7,OCEAN VOYAGER - 465931
Tug - 3,GRANIT - 466414
Tug - 3,BAZALT - 467633
Tug - 3,SERVAL - 468665
Cargo - 7,NINA 1 - 469525
Cargo - 7,VICTORIA - 687226
Tanker - 8,JOAN - 687940
Cargo - 7,SCHUYLER TRADER - 689205
Cargo - 7,HEINA - 691174
Cargo - 7,GENCO THUNDER - 712201
Tanker - 8,SONGA SAPPHIRE - 712443
Cargo - 7,KYMOPOLIA - 714454
Cargo - 7,LANTAU ARROW - 716099
Cargo - 7,APL MERLION - 726008
Cargo - 7,MOL QUINTET - 726043
Tanker - 8,JS CHUKAR - 732780
Cargo - 7,ROJAREK NAREE - 734035
Tanker - 8,AMARANTH - 737998
Tug - 3,SEVEN OSPREY - 752901
Tug - 3,SYLUR - 753262
Cargo - 7,YAMAL KRECHET - 757296
Cargo - 7,CALISTO - 757428
Cargo - 7,E.R. TALLINN - 758589
Navigation - 1,BY NP - 850625
Navigation - 1,P9 HYDRO METEO - 850632
Unspecified - 0,BY ZS - 850637
Navigation - 1,BY HEL - 850641
Navigation - 1,BY GD - 850644
Tug - 3,FAIRPLAY IV - 917997
Tug - 3,SERWAL - 941191
Cargo - 7,TANAIS - 948265
Tanker - 8,ECO GREEN - 993606
Passenger - 6,GLOMAR WAVE - 1037103
Fishing - 2,HEL 95 - 1105688
Fishing - 2,JAS 61 - 1124170
Pleasure - 9,NATALIA B - 2208737
Fishing - 2,DAR-10 - 3061267
Fishing - 2,BOOTES - 3351142
Unspecified - 0,FULDA - 3352580
Tug - 3,SZTORM - 3434504
Pleasure - 9,NOROY - 3511277
Tanker - 8,NISSOS SCHINOUSSA - 3615006
Tanker - 8,HAFNIA SOYA - 3711400
Fishing - 2,PL ZAG-17 - 3780703
Tug - 3,STRAZAK 6 - 3851201
Fishing - 2,JAS-79 - 3862045
Pleasure - 9,PIORUN - 3900094
Tug - 3,KOZIOROZEC-O-01 - 3921875
Tug - 3,BUMER - 4002191
Cargo - 7,AGNETHE ARCTICA - 4003834
Tanker - 8,POLA - 4028143
Fishing - 2,HEL-6 - 4100642
Cargo - 7,ARION - 4122562
Tug - 3,OCEANOGRAF - 4190565
Fishing - 2,OCEANOGRAF - 4190565
Fishing - 2,WLA 250 - 4195618
Tug - 3,ORP KORMORAN - 4200884
Cargo - 7,PETER PAN - 4252519
Pleasure - 9,EMPATIA POLSKA - 4325014
Tug - 3,HERKULES - 4387771
Pleasure - 9,ATHENA - 4611368
Fishing - 2,PIA-96 - 4618693
Passenger - 6,TOLL - 4633113
Pleasure - 9,EUPHORIA - 4704897
Tug - 3,BOA BISON - 2962
Unspecified - 0,VTS 2614900 - 23846
Cargo - 7,CATHARINA SCHULTE - 150705
Tanker - 8,SEAMARLIN - 151751
Fishing - 2,CHRISTINA MICHELLE - 154872
Fishing - 2,R 355 TRINE LOUISE - 158315
Fishing - 2,R 222 BORNOE - 158750
Tug - 3,OPAL - 284483
Tug - 3,PILOT-3 - 315703
Tug - 3,ODYS - 315731
Tug - 3,BBAS - 315731
Tug - 3,KOL-48 - 315864
Fishing - 2,WLA-307 - 315887
Fishing - 2,WLA-209 BLANKA - 315889
Fishing - 2,WLA-13O - 315909
Fishing - 2,WLA 116 - 315912
Fishing - 2,WLA-254 - 315924
Tug - 3,NEPTUN W - 315932
Fishing - 2,WLA-295 - 315941
Fishing - 2,WLA310 - 315948
Fishing - 2,.WLA-311 - 315950
Fishing - 2,WLA-311 - 315950
Fishing - 2,WLA-312 - 315951
Fishing - 2,WLA-184 HELOT - 315983
Fishing - 2,WLA-22 - 316006
Fishing - 2,WLA-6 - 316042
Fishing - 2,DZI-92 ATILIUS - 316079
Fishing - 2,WLA-32 - 316083
Fishing - 2,KOL-148 - 316100
Fishing - 2,DZI 85 - 316133
Fishing - 2,WLA 11 - 316150
Fishing - 2,WLA-39 - 316171
Fishing - 2,WLA182 - 316178
Fishing - 2,WLA-58 - 316187
Cargo - 7,K1 - 316201
Fishing - 2,KPT.WISNIEWSKI - 316237
Fishing - 2,ANCILLA WLA-68 - 316242
Pleasure - 9,JUNA - 316280
Fishing - 2,KOL-143 - 316331
Pleasure - 9,ORKA HEL - 316468
Tug - 3,FAIRPLAY VII - 316480
Pleasure - 9,WYSPA SZCZESCIA - 316482
Pleasure - 9,WXA A SZCZESCIA - 316482
Pleasure - 9,DAR MLODZIEZY - 316664
Tug - 3,HORYZONT II - 316954
Tug - 3,ORP MACKO - 316983
Tug - 3,ORP FLAMING - 317048
Tug - 3,BRYZA - 317140
Pleasure - 9,MUSASHI M - 317205
Fishing - 2,RUNAVIK GG 44 - 326432
Fishing - 2,KRISTINA - 352123
Fishing - 2,NAUTILUS - 352167
Fishing - 2,VITAS - 352184
Fishing - 2,RONDO - 352203
Fishing - 2,FENIKSS - 352391
Fishing - 2,JURMALA - 352402
Fishing - 2,MIKADON - 353098
Cargo - 7,FRANCISCA - 363336
Cargo - 7,ZBASTAR ENDURANCE - 406999
Tug - 3,APHRODITE I - 466553
Cargo - 7,FJORDVIK - 698727
Cargo - 7,LORD BYRON - 711847
Tanker - 8,TRANS HOLM - 728871
Fishing - 2,HEL-125 - 1198107
Tug - 3,BOA JARL - 3434115
Pleasure - 9,ARKUN - 3498025
Fishing - 2,WLA-85 - 3955261
Tug - 3,KOL-149 - 4014323
Pleasure - 9,HYDROMET - 4041669
Tug - 3,KAMBR - 4180748
Unspecified - 0,261535003 - 4674280
Pleasure - 9,CARUZZI - 4702404
Tanker - 8,PALLAS GLORY - 1960
Tanker - 8,FURE FLADEN - 2968
Tanker - 8,BESIKTAS ICELAND - 3049
Cargo - 7,RAMONA - 5396
Unspecified - 0,VTS GAOTEBORG - 24030
Cargo - 7,HELGE - 37523
Tug - 3,SAR 111265121 - 73551
Cargo - 7,MELUSINE - 115307
Cargo - 7,VICTORINE - 117309
Tanker - 8,WAASMUNSTER - 118748
Tug - 3,HUGIN EXPLORER - 122557
Cargo - 7,ASTRORUNNER - 124278
Cargo - 7,ARK FORWARDER - 144628
Cargo - 7,HANNA - 145692
Cargo - 7,BALTICA - 148995
Tanker - 8,SEAEMPRESS - 149302
Fishing - 2,KRISTIN - 151919
Fishing - 2,VICTORIA - 151978
Cargo - 7,WALTER HAMMANN - 152955
Cargo - 7,AMANDA - 153800
Tanker - 8,SCANDINAVIA - 154769
Tug - 3,SUPPLIER - 155138
Tanker - 8,TARNBRIS - 155229
Cargo - 7,TENDER1 - 155585
Tanker - 8,PACIFIC - 155712
Tanker - 8,TERNVAG - 156111
Tanker - 8,TERNHAV - 156114
Tanker - 8,LEXUS - 156323
Fishing - 2,STELLA NOVA - 156348
Tanker - 8,SCORPIUS - 156373
Tanker - 8,NAUTILUS - 157040
Tanker - 8,NIMBUS - 157062
Cargo - 7,FREESIA SEAWAYS - 157070
Cargo - 7,BEGONIA SEAWAYS - 157073
Cargo - 7,MAGNOLIA SEAWAYS - 157110
Tanker - 8,HANNE THERESA - 158394
Fishing - 2,STJARNVIK - 158493
Cargo - 7,PETUNIA SEAWAYS - 158628
Cargo - 7,PRIMULA SEAWAYS - 158740
Cargo - 7,FICARIA SEAWAYS - 159287
Cargo - 7,BIRTHE BRES - 159418
Tanker - 8,AALBORG - 159701
Tanker - 8,COPENHAGEN - 159706
Tanker - 8,VINGA SAFIR - 181746
Tanker - 8,NORTHERN OCEAN - 182321
Cargo - 7,TRADER BULK - 182333
Tanker - 8,FURE NORD - 182351
Tug - 3,FRANKLIN - 182358
Cargo - 7,NAVEN - 182370
Tug - 3,BOB - 182374
Tug - 3,SVITZER ODEN - 182384
Tug - 3,SVITZER TYR - 182387
Cargo - 7,TIDAN - 182418
Cargo - 7,EKEN - 182425
Tug - 3,SVITZER GAIA - 182431
Tug - 3,SVITZER GEO - 182435
Cargo - 7,CITY OF ROME - 183675
Tanker - 8,GIJON KNUTSEN - 188790
Cargo - 7,ANINA - 188849
Cargo - 7,ADELINA D - 188914
Pleasure - 9,CELESTE OF SOLENT - 190564
Tanker - 8,HELENA KOSAN - 191974
Unspecified - 0,TAMINA SPIRIT - 194104
Tanker - 8,MARIE KIRK - 197150
Tanker - 8,KEY BREEZE - 204253
Tanker - 8,BOTHNIA - 204358
Cargo - 7,MSC AMY - 204546
Cargo - 7,PINTA - 204565
Tanker - 8,KEY BAY - 205940
Cargo - 7,TASMAN - 206519
Tanker - 8,KATELINA - 206630
Tanker - 8,EURONIKE - 212572
Cargo - 7,LURO - 222372
Cargo - 7,LECKO - 222824
Cargo - 7,FREYA - 226006
Cargo - 7,ANJELIERSGRACHT - 245589
Tanker - 8,CORAL STICHO - 251928
Cargo - 7,CAROLINA - 257347
Cargo - 7,PRISCILLA - 258225
Tanker - 8,WISBY VERITY - 259111
Cargo - 7,SKAGENBANK - 259232
Cargo - 7,SOMERSET - 260333
Cargo - 7,SLINGEBORG - 262498
Cargo - 7,SCHIEBORG - 262525
Tanker - 8,THUN GLORY - 263501
Tanker - 8,CORAL MEANDRA - 263683
Cargo - 7,GRANDE EUROPA - 278706
Tanker - 8,INDIAN POINT - 279287
Tanker - 8,PROCIDA - 279934
Cargo - 7,GRANDE MEDITERRANEO - 281227
Tanker - 8,AMUR STAR - 283840
Tanker - 8,UMAR1 - 285899
Tanker - 8,TRANS FJELL - 286668
Tanker - 8,PATRICIA - 288123
Tanker - 8,PATANI - 288159
Tanker - 8,VENERE - 290098
Tug - 3,FROG RANA - 299445
Cargo - 7,VIONA - 300093
Cargo - 7,ANNAMARIE - 300161
Tanker - 8,B GAS CHAMPION - 302841
Tug - 3,RESCUE BERGESEN D.Y - 304819
Tanker - 8,NORTHERN KATTEGAT - 305383
Tanker - 8,CLIPPER HARALD - 306293
Tanker - 8,EK-STAR - 306746
Tug - 3,RESCUE B. RASMUSSEN - 307368
Cargo - 7,HOEGH TRIDENT - 308314
Fishing - 2,POLAR - 310529
Fishing - 2,VASTFJORD II - 310855
Cargo - 7,DANUBIA - 312793
Tug - 3,BESS - 313641
Tug - 3,SJOEBEFAELSSKOLAN - 319754
Pleasure - 9,FURUNO SVERIGE AB - 319865
Passenger - 6,STENA DANICA - 319954
Fishing - 2,SKAGERAK - 320059
Passenger - 6,ORIGO - 320177
Pleasure - 9,WALONA - 320210
Cargo - 7,GUTE - 320215
Passenger - 6,STENA JUTLANDICA - 320298
Cargo - 7,STOCKHOLM - 320466
Fishing - 2,GINNETON - 320479
Passenger - 6,HAMNEN - 320546
Tug - 3,PILOT 729 SE - 320572
Tug - 3,KBV 490 - 320704
Passenger - 6,NORDO III - 320712
Passenger - 6,VESTA - 320717
Tug - 3,PILOT 746 SE - 320737
Tug - 3,PILOT 745 SE - 320738
Unspecified - 0,SOUND CASTOR - 320779
Passenger - 6,ALVSNABBEN 5 - 320839
Passenger - 6,ALVSNABBEN 4 - 320843
Tug - 3,PILOT 115 SE - 320875
Tug - 3,KBV 048 - 320905
Tug - 3,ALVBJORN - 321076
Passenger - 6,ADA - 321088
Passenger - 6,BEDA - 321089
Passenger - 6,GOTA - 321092
Passenger - 6,MARIE - 321093
Pleasure - 9,EAGLE - 321183
Passenger - 6,NYA SKARGARDEN - 321197
Tug - 3,RESCUE LARS LINDFELT - 321277
Tug - 3,RESCUE MARTA COLLIN - 321341
Passenger - 6,ARLAN - 321587
Passenger - 6,ALVSNABBEN 3 - 321589
Passenger - 6,YLVA - 321593
Passenger - 6,VIPAN - 321595
Passenger - 6,SKARVEN - 321597
Passenger - 6,SILVERTARNAN - 321599
Passenger - 6,FROJA - 321601
Passenger - 6,FJORDSKAR - 321641
Pleasure - 9,NAWICA TRAINING SHIP - 321669
Tanker - 8,TANKSKAR - 321687
Pleasure - 9,CHESS ARCONA400 - 321697
Pleasure - 9,EXTREMARIUM - 321701
Tug - 3,POLSTJARNAN IV - 321723
Pleasure - 9,MANDALAY - 321727
Pleasure - 9,PIMPIM - 321786
Tug - 3,POLIS 59-3720 - 321978
Passenger - 6,SVANEN WEST - 321994
Pleasure - 9,PENTA 80 - 322000
Passenger - 6,ALV VIRA AV GOTEBORG - 322073
Passenger - 6,DIANA - 322150
Passenger - 6,VIVI - 322167
Passenger - 6,SVANHILD - 322168
Passenger - 6,TRUBADUREN - 322185
Tanker - 8,FRAM - 322235
Tug - 3,INGEMAR - 322279
Tug - 3,RESCUE LIVBOJEN - 322333
Pleasure - 9,KRISTINA 5 - 322393
Pleasure - 9,SEA WIND - 322451
Cargo - 7,SYLVEIA - 322616
Pleasure - 9,ATLANTICA - 322667
Unspecified - 0,NILS - 322687
Tug - 3,KBV 475 - 322772
Pleasure - 9,SAXKRAN NR 2 - 322861
Pleasure - 9,HARMONIE II - 322884
Tug - 3,SJOGRIP - 322891
Unspecified - 0,SENSOR - 322952
Tanker - 8,FOX LUNA - 322954
Tug - 3,RESCUE HANS LAURIN - 322974
Pleasure - 9,OM II AF GOTEBORG - 323000
Passenger - 6,SILVANA - 323010
Tug - 3,CRUM - 323064
Unspecified - 0,0 - 323091
Pleasure - 9,TOOTIKI - 323198
Pleasure - 9,EBBA HARD - 323258
Pleasure - 9,EMM XXIII M23 - 323271
Passenger - 6,CARL MICHAEL BELLMAN - 323289
Passenger - 6,ST ERIK - 323301
Pleasure - 9,LA DOLCE VITA - 323316
Cargo - 7,AMANDA - 323355
Fishing - 2,GG 668 SILVER - 323609
Tug - 3,BATMAN 7 - 323624
Cargo - 7,JETTEN GBG STAD VA - 323659
Unspecified - 0,FROG CYGNUS - 323787
Tug - 3,ASKHOLMEN - 323833
Pleasure - 9,YANIKI IV - 323838
High Special - 4,POLIS 593790 - 323857
Pleasure - 9,MARY SWE - 323930
High Special - 4,RIVO - 323964
High Special - 4,VALO - 323966
Tug - 3,DIRTY - 323975
Pleasure - 9,MARISSA - 324024
Pleasure - 9,GISELE - 324029
Pleasure - 9,FLORO/HAMBURGSUND - 324125
Fishing - 2,GG451 MIA - 324190
Tug - 3,SOUND PROVIDER - 324200
Fishing - 2,RODSKAR GG430 - 324232
Tug - 3,GOTE II - 324288
Tug - 3,11-00 - 324459
Tug - 3,SEACURE - 324465
Tug - 3,FATBOY - 324466
Tug - 3,BOATMAN 9 - 324470
Pleasure - 9,JEWEL - 324477
Fishing - 2,GG1206 DANO - 324534
Fishing - 2,SKRAALLAN - 324559
Pleasure - 9,LOUISE - 324603
Tug - 3,KBV 316 - 324664
Pleasure - 9,ISADORA - 324703
Fishing - 2,GG102 MAUDAN - 324714
Fishing - 2,GG292 MARTINA - 324760
Pleasure - 9,AQUILA - 324986
Pleasure - 9,PAULA - 324990
Pleasure - 9,HIFLYER - 325042
Pleasure - 9,BLUE ADVENTURE - 325070
Tug - 3,POLIS 59-3780 - 325071
Fishing - 2,GG 65 CORIOLA - 325147
Tug - 3,RESCUE MARIANNE BRAT - 325269
Pleasure - 9,PENTA 60 - 325291
Fishing - 2,GG 690 VINGASAND - 325546
Pleasure - 9,PENTA 81 - 325635
Fishing - 2,RON - 325679
Fishing - 2,BISCAYA GG34 - 325703
Tug - 3,GKSS-ONLINE - 325770
Fishing - 2,SVANVIK - 325888
Pleasure - 9,STORMFAGEL - 325995
Pleasure - 9,MARELD - 326015
Pleasure - 9,GREAT ESCAPE - 326054
Tanker - 8,OLJAREN - 326111
Tug - 3,TOFTE - 326263
Pleasure - 9,BMJ WINDY 37 - 326371
Fishing - 2,ALVSBORG - 326438
Fishing - 2,RANDI - 326451
Fishing - 2,DANAFJORD - 326456
Fishing - 2,VALOSKAR - 326471
Fishing - 2,TOR-ON - 326481
Fishing - 2,TORLAND - 326486
Tanker - 8,PROSPERO - 326491
Fishing - 2,SUNNANLAND - 326496
Tanker - 8,ANGON - 326598
Unspecified - 0,STORMCO - 326642
Unspecified - 0,RAMANTENN - 326665
Pleasure - 9,WWW.SSBILBEHOR.SE - 326697
Fishing - 2,NAUTIC CENTER DEMO - 326700
Tug - 3,OCKERO MARITIME 1 - 326702
Tug - 3,OCKERO MARITIME 2 - 326703
Tug - 3,K10 - 326735
Cargo - 7,ATLANTIC CARTIER - 326821
Fishing - 2,ROSSO - 326946
Fishing - 2,INGUN - 326947
Fishing - 2,VINGAFJORD GG-173 - 326950
Fishing - 2,SVANEN - 326954
Fishing - 2,GOTTSKAR - 326955
Fishing - 2,GLITTFORS - 327052
Fishing - 2,VERA C - 327056
Tug - 3,GOTHEBORG - 327132
Tanker - 8,FOX SUNRISE - 327147
Fishing - 2,AHLMA - 327150
Tanker - 8,NORDEN - 327175
Tanker - 8,DANA - 327198
Cargo - 7,THULELAND - 327250
Cargo - 7,FAUST - 327293
Tug - 3,KBV 001 - 327374
Tug - 3,KBV 497 - 327375
Tug - 3,KBV 494 - 327376
Fishing - 2,GANTHI - 327445
Tug - 3,ICEBEAM - 327464
Tanker - 8,WISBY WAVE - 327475
Fishing - 2,VASTERLAND - 327492
Passenger - 6,STENA GERMANICA - 327507
Tug - 3,KBV 032 - 327518
Passenger - 6,STENA SCANDINAVICA - 327562
Fishing - 2,CLIPPERTON - 327566
Fishing - 2,CLIPPFJORD - 327673
Tug - 3,BISON - 327678
Cargo - 7,IDA H - 327685
Tug - 3,U/F ASTERIX - 327745
Tanker - 8,MOZART - 360219
Cargo - 7,MITO STRAIT - 362070
Cargo - 7,ICE RUNNER - 364576
Cargo - 7,NORDIC ACE - 370244
Cargo - 7,MINERVA - 370329
Cargo - 7,JOMI - 370338
Cargo - 7,BBS SKY - 372040
Tanker - 8,GRENA KNUTSEN - 375114
Tanker - 8,GAS GALAXY - 375160
Cargo - 7,ANDALUCIA STAR - 375298
Cargo - 7,ICELAND CEMENT - 375446
Cargo - 7,SEROJA EMPAT - 418949
Cargo - 7,NEWYORKER - 420754
Cargo - 7,ASIAN VISION - 674633
Cargo - 7,FEDERAL SATSUKI - 713818
Tanker - 8,ELISALEX SCHULTE - 725648
Cargo - 7,ASIAN BREEZE - 729384
Tanker - 8,CORAL LACERA - 756074
Cargo - 7,JONNI RITSCHER - 757658
Tug - 3,M/S ALO - 835353
Tanker - 8,NORDIC NORA - 858023
Tanker - 8,AGATH - 1036966
Tug - 3,SAR 111265582 - 1072314
Passenger - 6,LINDA - 1081005
Passenger - 6,ULRIKA - 1085676
Passenger - 6,BURO - 1088282
Passenger - 6,POLSTJERNAN - 1104090
Tug - 3,PILOT 218 SE - 1123136
Passenger - 6,GOTA II - 1155907
Fishing - 2,STRANNEFJORD - 1193077
Fishing - 2,SANDEFJORD - 1193771
Unspecified - 0,BARSWEEP ONE - 1257951
Fishing - 2,ENSKAR - 1442009
Cargo - 7,MSC OSCAR - 1914339
Passenger - 6,ALVELI - 1964978
Tug - 3,FROG TAURUS - 2312999
Passenger - 6,ALVFRIDA - 2795623
Cargo - 7,ASPEN - 3350779
Tanker - 8,THUN GOTHENBURG - 3350965
Passenger - 6,HAVSORNEN - 3351571
Fishing - 2,MARINA - 3351578
Fishing - 2,SONGVAR - 3351708
Fishing - 2,GG32 TRISTAN - 3352463
Tanker - 8,CLIPPER JUPITER - 3362218
Passenger - 6,LYRON - 3363948
Tug - 3,BJONN - 3423103
Tanker - 8,DELFIN - 3424242
Tug - 3,SSMB 2222 RAKETEN - 3467126
Unspecified - 0,NORTHERN WIND - 3481171
Pleasure - 9,BEDA - 3534813
Cargo - 7,LADY AMI - 3574326
Fishing - 2,EROS AV HONO - 3622626
Pleasure - 9,TARNTANK TEKNIK - 3679722
Pleasure - 9,LADY H - 3689951
Fishing - 2,MARINO - 3701886
Fishing - 2,LIZ - 3711966
Tug - 3,BOATMAN 1 - 3724655
Tug - 3,CHARLIE - 3792435
Passenger - 6,HAKEFJORD - 3795001
Tug - 3,RESCUER AMBULANCE - 3802847
Fishing - 2,GG 38 TOVEN - 3804786
Fishing - 2,GG75 MANILL - 3814579
Fishing - 2,ULRIKA - 3936535
Tug - 3,SOUND SURVEYOR - 3945110
Pleasure - 9,TINDRA - 3967129
Cargo - 7,DT BROSON - 4003835
Fishing - 2,GG976 SVANFORS - 4032661
Pleasure - 9,TINDRA - 4068490
Pleasure - 9,LADY - 4096146
Tug - 3,SNOKEN - 4109127
Passenger - 6,DROTT AF DYRON - 4158211
Pleasure - 9,SEA BIRD - 4194704
Pleasure - 9,TRIPLE ESS - 4201085
Fishing - 2,KLONDYKE - 4221324
Fishing - 2,SAIBON LL1248 - 4320524
Unspecified - 0,PURE ORANGE - 4342553
Fishing - 2,GG 391 ELISABETH - 4387258
Pleasure - 9,MUCKLE FLUGGA - 4449805
Pleasure - 9,ANNABELLA - 4450061
Pleasure - 9,DT SUPPLY - 4512547
Pleasure - 9,PICKNICK LAGOON 39 - 4527914
Pleasure - 9,DAISY - 4561378
Pleasure - 9,KAXE - 4589812
Fishing - 2,LAGUN - 4610570
Unspecified - 0,SVITZER RAN - 4615138
Fishing - 2,GG43 ANNA - 4653928
Tug - 3,RESCUE 8-45 - 4667808
Pleasure - 9,VIKING - 4691561
Tug - 3,TRELLE - 4710387
Cargo - 7,HELT - 3575
Tanker - 8,BONITO - 6338
Unspecified - 0,VTS BALTIYSK - 24344
Unspecified - 0,VTS 2734488 - 24366
Tug - 3,DUKE 2 - 123296
Cargo - 7,BEATA - 124538
Tug - 3,PETER THE GREAT - 124887
Tug - 3,MERITUS - 125418
Cargo - 7,MERITA - 125721
Tanker - 8,PATRICIA ESSBERGER - 142957
Cargo - 7,NORDIC PHILIP - 144106
Cargo - 7,WILSON SUND - 146140
Tanker - 8,SELANDIA SWAN - 159543
Cargo - 7,AMBER SPIRIT - 205458
Tanker - 8,KEY BORA - 205790
Tanker - 8,KEY FJORD - 205932
Cargo - 7,ARA ROTTERDAM - 206635
Cargo - 7,FOREST - 253976
Tanker - 8,AIGRAN D - 257926
Cargo - 7,DINTELBORG - 258858
Tanker - 8,STAR CURACAO - 260019
Tug - 3,TIDEWAY ROLLINGSTONE - 262503
Cargo - 7,STEENBANK - 265873
Tug - 3,SEA GOLF - 269768
Cargo - 7,AMELAND - 270056
Tug - 3,NERO - 273075
Cargo - 7,ZAMOSKVORECHYE - 283815
Cargo - 7,FALKBRIS - 284471
Cargo - 7,UFA - 290089
Cargo - 7,NACC TORONTO - 291621
Tug - 3,MARIEKE - 297208
Cargo - 7,EMILIA - 300168
Tug - 3,ODISSEY - 315726
Tug - 3,BIZON-O-158 - 316722
Unspecified - 0,KRYSTYNA - 316798
Tug - 3,KAPITAN MARTYSHKIN - 345265
Fishing - 2,VALERIY DZHAPARIDZE - 345582
Fishing - 2,NIVENSKOYE - 345587
Fishing - 2,ATLANTIDA - 345600
Pleasure - 9,KRUZENSHTERN - 345607
Cargo - 7,OMSKIY-141 - 345797
Tug - 3,PLB DEFENDER - 345942
Cargo - 7,SORMOVSKIY-3058 - 346084
Cargo - 7,BALTIYSK - 346147
Tug - 3,TARNIKA - 346160
Tug - 3,LOTSMAN-3 - 346242
Tug - 3,PIONER - 346688
Tug - 3,TAYFUN - 346905
Tug - 3,SIGULDA - 347050
Tug - 3,TORNADO - 347113
Tug - 3,SKRUNDA - 347124
Tug - 3,ALEXANDR UVAROV - 347204
Tanker - 8,DEYMA - 347645
Tanker - 8,NEMAN - 347703
Tug - 3,KUBAN - 347749
Tanker - 8,RAMAVA - 347754
Tug - 3,KOMMUNAR - 347828
Tug - 3,LIGER - 347948
Passenger - 6,NIDA - 347999
Tug - 3,KENDRICK - 348105
Tug - 3,GLANFORD - 348371
Tanker - 8,BERGEN T - 348379
Tug - 3,GLADIUS - 348411
Cargo - 7,AMBAL - 348527
Cargo - 7,SVYATITEL ALEKSIY - 348769
Unspecified - 0,VEGA - 348771
Tug - 3,ELENA - 348785
Cargo - 7,RUSICH-10 - 348850
Tanker - 8,SALTSTRAUM - 348898
Cargo - 7,SORMOVSKIY-3068 - 349018
Tug - 3,NEFTEGAZ-31 - 349774
Tug - 3,LOTSMAN SARZHIN - 349945
Cargo - 7,SAMUR-3 - 349963
Tug - 3,YASNYY - 349997
Fishing - 2,BRATYA STOYANOVY - 350212
Tug - 3,REUSHINKA - 350301
Tug - 3,ZORKIY - 350501
Tanker - 8,NATALIJA GONCHAROVA - 350706
Cargo - 7,SORMOVSKIY 3064 - 350858
Cargo - 7,IVAN SHCHEPETOV - 350926
Pleasure - 9,SEDOV - 351018
Fishing - 2,KAPITAN EDEMSKIY - 351093
Tug - 3,RB-394 - 351107
Tug - 3,RB-395 - 351119
Cargo - 7,FEHN LIGHT - 365478
Cargo - 7,NBP CARRIER - 365628
Cargo - 7,KOZNITZA - 461192
Cargo - 7,STRATEGIC ENCOUNTER - 727807
Tug - 3,ERRIE - 754816
Cargo - 7,AMERDIJK - 754855
Cargo - 7,AKERDIJK - 755306
Cargo - 7,OLGA - 756252
Tug - 3,OLEG STRASHNOV - 878185
Unspecified - 0,KAPITAN BELYAEV - 1064825
Pleasure - 9,BARRAKUDA - 1181634
Tanker - 8,ACQUAMARINA - 1247749
Tug - 3,RB-413 - 1414412
Tanker - 8,MIDVOLGA-3 - 2059154
Pleasure - 9,JOKER - 3110501
Tug - 3,NADEZHDA - 3532420
Tug - 3,GLADIATOR - 3586959
Cargo - 7,AFRICAN GROUSE - 3610791
Cargo - 7,AFRICAN MAGNOLIA - 3711215
Tug - 3,MB97 - 3803160
Tug - 3,VODOLAZ GRITSAY - 3964252
Tug - 3,SPK-49150 - 3975455
Cargo - 7,DELPHIS BOTHNIA - 4133526
Fishing - 2,STARYY ARBAT - 4156224
Tug - 3,NADEZHNIY - 4249081
Cargo - 7,MIRVA VG - 4631227
Tug - 3,YASNYY - 4645311
Tug - 3,FORTUNA - 4677206
Tug - 3,[SAT-AIS] - 5413612163586
Tug - 3,[SAT-AIS] - 17615339618152
Tug - 3,[SAT-AIS] - 35416564857354
Tug - 3,[SAT-AIS] - 41246668446937
Tug - 3,[SAT-AIS] - 65875629977817
Tug - 3,[SAT-AIS] - 74296936982416
Tug - 3,[SAT-AIS] - 147668738471321
Tug - 3,[SAT-AIS] - 156678218822212
Tug - 3,[SAT-AIS] - 167283675493369
Tug - 3,[SAT-AIS] - 181566749936762
Tug - 3,[SAT-AIS] - 184756139473268
Tug - 3,[SAT-AIS] - 195415142469447
Tug - 3,[SAT-AIS] - 217284873986699
Tug - 3,[SAT-AIS] - 252669123725536
Tug - 3,[SAT-AIS] - 261471966511263
Tug - 3,[SAT-AIS] - 266896913553197
Tug - 3,[SAT-AIS] - 267896656482679
Tug - 3,[SAT-AIS] - 269849479284739
Tug - 3,[SAT-AIS] - 286611366271532
Cargo - 7,KONYA - 2006
Cargo - 7,ANGORA - 3062
Tug - 3,AURA - 5381
Cargo - 7,PRIMA FORTUNA - 6220
Cargo - 7,LINDA - 6500
Unspecified - 0,VTS KLAIPEDA - 24468
Unspecified - 0,VTS 2770110 - 24473
Tanker - 8,LEENI - 124420
Cargo - 7,EMSRUNNER - 124457
Tanker - 8,KAPRIFOL - 124748
Cargo - 7,CONTAINERSHIPS 6 - 132925
Tanker - 8,SEALING - 134088
Cargo - 7,CEMSOL - 145002
Cargo - 7,NAVI BALTIC - 145926
Cargo - 7,MAUREEN S - 146036
Cargo - 7,SPANACO FIDELITY - 146069
Cargo - 7,RIG - 150545
Tanker - 8,SEABASS - 152647
Cargo - 7,HAUKUR - 182391
Cargo - 7,VINGAREN - 182428
Tanker - 8,BIRGIT KNUTSEN - 200327
Cargo - 7,SAXUM - 204431
Cargo - 7,MSC MANDRAKI - 212317
Cargo - 7,ESL AFRICA - 254047
Cargo - 7,SAFFIER - 257862
Cargo - 7,DIJKSGRACHT - 263649
Cargo - 7,VICTORIABORG - 265269
Cargo - 7,ADAMAS - 270507
Cargo - 7,JADE - 270798
Cargo - 7,ZEALAND BEATRIX - 271828
Cargo - 7,STRANDJA - 285833
Tanker - 8,XANTHIA - 309724
Cargo - 7,BIRYUZA - 348832
Fishing - 2,NIKOLAY SOLODCHUK - 351515
Tanker - 8,GRUMANT - 352344
Tug - 3,SMILTE PILOT - 353182
Tug - 3,LTU SAR SHIP SAKIAI - 353212
Tug - 3,TAK-4 - 353260
Fishing - 2,DARIUS - 353278
Fishing - 2,LBB-1010 - 353285
Fishing - 2,694 - 353287
Fishing - 2,100 - 353293
Fishing - 2,LBB 1113 - 353296
Fishing - 2,LBB 1107 - 353297
Fishing - 2,LBB 1032 - 353299
Fishing - 2,LBB 1094 - 353302
Fishing - 2,LBB 1044 - 353303
Fishing - 2,LBB 1066 - 353305
Fishing - 2,169 - 353306
Fishing - 2,652 - 353310
Fishing - 2,LBB-6931 - 353313
Fishing - 2,756 - 353315
Fishing - 2,ATLANT - 353330
Tug - 3,PILOT DANGE - 353342
Passenger - 6,PATRIA SEAWAYS - 353350
Tug - 3,TAK-9 - 353357
Tug - 3,MINGE - 353365
Passenger - 6,OPTIMA SEAWAYS - 353411
Pleasure - 9,BRABANDER - 353451
Tug - 3,KLASCO1 - 353471
Cargo - 7,BOTNIA SEAWAYS - 353499
Passenger - 6,VICTORIA SEAWAYS - 353525
Tug - 3,TAK-6 - 353534
Tug - 3,KLASCO2 - 353536
Tug - 3,MUSHA - 353542
Tug - 3,SOLL TENGIZ - 353563
Tug - 3,JURINIS - 353576
Tug - 3,VEJUNAS - 353587
Passenger - 6,REGINA SEAWAYS - 353594
Tug - 3,PELICAN - 353626
Tug - 3,LOTAS - 353637
Tug - 3,NZ55 - 353649
Passenger - 6,ATHENA SEAWAYS - 353650
Cargo - 7,HELGA - 359267
Cargo - 7,ADELE - 359306
Cargo - 7,FORSETI - 359354
Cargo - 7,MISTRAL - 359376
Cargo - 7,VITA - 359410
Cargo - 7,BEKAU - 362313
Cargo - 7,BALDER - 362369
Cargo - 7,BRIGGA - 362546
Cargo - 7,FRIGGA - 362551
Cargo - 7,BF VICTORIA - 363434
Cargo - 7,LYRA - 363818
Cargo - 7,TRAVEBERG - 364187
Cargo - 7,CEMISLE - 364500
Cargo - 7,BOMAR MOON - 364937
Cargo - 7,NBAAR MOON - 364937
Cargo - 7,ANETTA - 365762
Cargo - 7,WILSON ALSTER - 367661
Tanker - 8,DAVINO D - 369217
Cargo - 7,FRI STREAM - 376153
Tanker - 8,ZAPADNYY - 377745
Cargo - 7,AGOT - 377957
Cargo - 7,GREEN ATLANTIC - 388399
Cargo - 7,GALAN - 402693
Cargo - 7,WINTER BAY - 402701
Cargo - 7,GRAND - 402734
Cargo - 7,AMATHUS - 403087
Tug - 3,POSEIDON I - 403149
Cargo - 7,PACIFIC CALM - 411868
Cargo - 7,OCEAN RAINBOW - 459517
Cargo - 7,BLUE CHIP - 461034
Cargo - 7,LARGONA - 467978
Cargo - 7,SAN REMO - 468812
Cargo - 7,RUBYN - 469377
Cargo - 7,GENCO RELIANCE - 685288
Cargo - 7,AFRICAN CENDANA - 687849
Tanker - 8,UZAVA - 712156
Tanker - 8,NAVIG8 STRENGTH - 712924
Tanker - 8,NAVIG8 UNIVERSE - 713084
Tanker - 8,INDEPENDENCE - 726727
Cargo - 7,THOR INTEGRITY - 732076
Cargo - 7,IVS KITE - 732703
Tanker - 8,SCF BALTICA - 753672
Cargo - 7,USOLIE - 755518
Tanker - 8,SAKURA PRINCESS - 755563
Tanker - 8,GREEN PLANET - 756194
Cargo - 7,VANTAGE WAVE - 756358
Tanker - 8,SAMRAA ALKHALEEJ - 760531
Cargo - 7,CONTAINERSHIPS VII - 858053
Tug - 3,KLASCO-3 - 994590
Tug - 3,MINTIS - 1351934
Cargo - 7,TRUE LOVE - 2892026
Tug - 3,TAK-10 - 3483512
Tug - 3,A.BARAUSKAS - 3484933
Tug - 3,TAK-11 - 3501289
Cargo - 7,ALANA - 3569217
Tanker - 8,HAFNIA SUNDA - 3616939
Tug - 3,NATO WARSHIP M53 - 3656084
Tug - 3,VAKARIS - 3722773
Tug - 3,T-2 - 3751563
Tug - 3,T-3 - 3813464
Pleasure - 9,LILIAN101 - 4187538
Pleasure - 9,LT-12465 - 4234809
Cargo - 7,POLA MUROM - 2929
Cargo - 7,POLA UGLICH - 2934
Cargo - 7,REINBEK - 3162
Cargo - 7,FINNHAWK - 3636
Cargo - 7,AUTO BAY - 5107
Cargo - 7,FINNTIDE - 5558
Cargo - 7,FINNWAVE - 5567
Cargo - 7,FINNMILL - 5622
Cargo - 7,SEAGARD - 6046
Cargo - 7,EIRA - 6065
Unspecified - 0,VTS 2734463 - 24345
Unspecified - 0,VTS 2734492 - 24369
Cargo - 7,BF CARTAGENA - 121733
Cargo - 7,X-PRESS ETNA - 121902
Cargo - 7,SOLONG - 122649
Cargo - 7,VLADIMIR - 123061
Cargo - 7,WMS GRONINGEN - 123222
Cargo - 7,HEINRICH SCHEPERS - 123303
Cargo - 7,NORDIC HAMBURG - 123774
Cargo - 7,VARVARA - 124152
Cargo - 7,BLUEBILL - 125326
Cargo - 7,PIRITA - 125380
Tanker - 8,BALTIC AMBITION - 144450
Cargo - 7,RUTH - 145641
Cargo - 7,BF FORTALEZA - 145981
Cargo - 7,WILHELM - 146097
Cargo - 7,BELBEK - 146336
Tanker - 8,TEKOS - 148345
Passenger - 6,PRINCESS ANASTASIA - 149677
Cargo - 7,HENNEKE RAMBOW - 151630
Cargo - 7,MISANA - 181427
Cargo - 7,HVITANES - 181730
Cargo - 7,SILVER PEARL - 182341
Cargo - 7,EYSTNES - 182353
Tanker - 8,CPO GERMANY - 192887
Cargo - 7,STORTEBEKER - 204416
Cargo - 7,FRI PORSGRUNN - 204772
Cargo - 7,NORDEROOG - 204901
Cargo - 7,SUEDEROOG - 205264
Cargo - 7,HOOGE - 205553
Cargo - 7,LISTER - 205767
Cargo - 7,WYBELSUM - 205994
Tanker - 8,ORAKAI - 206618
Cargo - 7,NJORD - 246960
Cargo - 7,TRICA - 254318
Cargo - 7,PLYCA - 263477
Cargo - 7,FAST HERMAN - 265353
Cargo - 7,PITZTAL - 266600
Cargo - 7,TERSCHELLING - 268899
Cargo - 7,OOCL RAUMA - 270219
Cargo - 7,ATLANTIC RUNNER - 284882
Tanker - 8,BESIKTAS HALLAND - 288246
Cargo - 7,KAPITAN MIRONOV - 288897
Cargo - 7,KAPITAN YAKOVLEV - 289583
Cargo - 7,KAIE - 300784
Tanker - 8,BALTIC FROST - 301875
Cargo - 7,KEGUMS - 306484
Tanker - 8,EKEN - 312941
Tanker - 8,EKFORS - 314533
Cargo - 7,LAVAUX - 332129
Unspecified - 0,TEST-0192 - 344835
Tug - 3,SEMYON DEZHNEV - 345244
Tug - 3,IVAN KRUZENSHTERN - 345254
Tug - 3,SAT AIS - 345254
Tug - 3,KAPITAN NIKOLAEV - 345268
Pleasure - 9,MIR - 345293
Tug - 3,KAPITAN SOROKIN - 345312
Tug - 3,ERMAK - 345344
Tanker - 8,TAYMEN - 345788
Tug - 3,GRIFON 5 - 345825
Tanker - 8,KOLA - 346002
Tug - 3,VIKHREVOY - 346012
Tanker - 8,AURA - 346022
Tug - 3,MOSCHNYI - 346047
Tug - 3,KAPITAN PLAKHIN - 346057
Cargo - 7,SORMOVSKIY-3056 - 346077
Cargo - 7,OMSKIY-132 - 346106
Tug - 3,TYPHOON - 346151
Tug - 3,GRIFON 3 - 346161
Cargo - 7,OMSKIY-134 - 346167
Tanker - 8,ABIGAIL - 346191
Tug - 3,TORNADO - 346208
Tanker - 8,ANGARA - 346219
Tug - 3,AKMAL - 346266
Cargo - 7,SORMOVSKIY-53 - 346635
Unspecified - 0,JIYA - 346646
Tug - 3,BREST - 346998
Tug - 3,KONSTANTIN - 347019
Tug - 3,GRIFON7 - 347042
Tanker - 8,SULA - 347062
Tanker - 8,VALERIY ZELENKO - 347165
Cargo - 7,SERDOLIK - 347186
Tanker - 8,GAZPROMNEFT WEST - 347195
Tanker - 8,VOVAN - 347195
Tug - 3,SANKT-PETERBURG - 347225
Cargo - 7,NOVAYA ZEMLYA - 347236
Tanker - 8,GAZPROMNEFT EAST - 347280
Cargo - 7,SEVERNAYA ZEMLYA - 347415
Tanker - 8,FREYA - 347417
Tanker - 8,BALTIC EAGLE - 347421
Cargo - 7,MODULUS 2 - 347509
Cargo - 7,LAZURITE - 347528
Tanker - 8,SCF PECHORA - 347661
Tug - 3,NEVSKAYA ZASTAVA - 347678
Tug - 3,ARKTUR - 347718
Tug - 3,ORION - 347790
Cargo - 7,MIKHAIL LOMONOSOV - 347839
Unspecified - 0,SPK-25 - 347868
Cargo - 7,BRIN NAVOLOK - 347965
Tanker - 8,LOYA - 348075
Tanker - 8,NIMBUS SPB - 348134
Tanker - 8,FLANDRIYA - 348139
Passenger - 6,MOSKVA-3 - 348160
Tanker - 8,ALEKSANDR GLUKHOV - 348222
Passenger - 6,DUNAEVSKIY - 348318
Tanker - 8,ALANA - 348465
Tanker - 8,GAZPROMNEFT NORDWEST - 348540
Cargo - 7,GEOR.POBEDONOSETS - 348607
Tug - 3,DMITRY SIROTKIN - 348645
Tanker - 8,GAZPROMNEFT NORD - 348798
Tanker - 8,PEGAS - 348904
Passenger - 6,VIKING HELGI - 349350
Passenger - 6,VIKING INGVAR - 349456
Tanker - 8,SESKAR - 349836
Tanker - 8,DMITRIY RULEVSKIY - 349912
Tanker - 8,NEVA LUX - 349961
Tanker - 8,VELTA - 350015
Tug - 3,BALTIETS - 350026
Tanker - 8,NARVA - 350056
Tanker - 8,SBORSHCHIK-3 - 350118
Cargo - 7,PL 2 - 350158
Tug - 3,SPK-1DMAG - 350197
Tug - 3,GIBRALTAR - 350211
Tanker - 8,BALTIC SEAGULL - 350220
Tanker - 8,ECOMAR - 350395
Tug - 3,MOSCHNIY - 350500
Tug - 3,MERKURIY - 350530
Tug - 3,MUSON - 350538
Tanker - 8,DON - 350589
Tug - 3,URAN - 350631
Tug - 3,KARU - 350675
Tug - 3,KAPITAN ZARUBIN - 350708
Tanker - 8,SEVERYANKA - 350723
Tug - 3,LOTSMAN FEDOROV - 350882
Tug - 3,PROFESSOR LOGACHEV - 350901
Tug - 3,AKADEMIK KARPINSKIY - 350925
Tug - 3,BGK-326 RIF - 350957
Tanker - 8,ELAND - 350965
Tanker - 8,GOGLAND - 350976
Tug - 3,BOGATYR 4 - 351012
Tanker - 8,KAP.PONIKAROVSKIY - 351041
Tanker - 8,ARIES - 351098
Tug - 3,RB-20 - 351132
Unspecified - 0,RB-27 - 351136
Tug - 3,MUDYUG - 351699
Fishing - 2,ALBATROSS - 352381
Cargo - 7,OSTEREMS - 359922
Cargo - 7,PAULINE RUSS - 360043
Cargo - 7,BOREAS - 364394
Cargo - 7,FEHN POLLUX - 364663
Cargo - 7,CHRISTOPHER - 364743
Cargo - 7,WES AMELIE - 365934
Cargo - 7,VIDFOSS - 366516
Cargo - 7,SCA TUNADAL - 366621
Cargo - 7,CONMAR AVENUE - 366725
Cargo - 7,HOOD ISLAND - 368866
Cargo - 7,AUTUMN WAVE - 369043
Cargo - 7,DANUBE HIGHWAY - 369206
Cargo - 7,VALENCIA EXPRESS - 370837
Cargo - 7,DURBAN STAR - 374258
Cargo - 7,ROZTOCZE - 374739
Cargo - 7,AVELONA STAR - 375318
Cargo - 7,MIKHAIL DUDIN - 376495
Cargo - 7,MSC SANTHYA - 416514
Cargo - 7,MSC SABRINA - 418044
Cargo - 7,NIKOLAS - 420706
Cargo - 7,CITY OF ROTTERDAM - 461962
Cargo - 7,ALMENDRO - 463311
Cargo - 7,BALTIC PRIME - 468082
Cargo - 7,KNOSSOS - 547677
Cargo - 7,MAERSK NIAMEY - 686278
Cargo - 7,PORT ALFRED - 689765
Cargo - 7,ICE RIVER - 713900
Cargo - 7,BOMAR VALOUR - 714523
Cargo - 7,ADASTRA - 732836
Cargo - 7,ZENIT - 754206
Cargo - 7,AALDERDIJK - 754856
Cargo - 7,ALLEGRA - 755491
Cargo - 7,BALTIC HEATHER - 755883
Cargo - 7,BALTIC PIONEER - 756184
Cargo - 7,BALTIC PATRIOT - 756186
Cargo - 7,BALTIC PERFORMER - 756187
Cargo - 7,. PRINCE OF WAVES - 757619
Cargo - 7,PRINCE OF WAVES - 757619
Cargo - 7,ATLANTIC NAVIGATORII - 758443
Cargo - 7,INA LOTTE - 758523
Cargo - 7,PACIFIC WINTER - 758559
Cargo - 7,BARMBEK - 758658
Cargo - 7,PAPUA - 758718
Cargo - 7,E.R. VISBY - 758759
Cargo - 7,CHARLOTTA B - 758887
Navigation - 1,ST.-PETERSBURG PT LE - 851186
Tug - 3,SVIR - 987831
Tug - 3,LOOKMAN - 1039931
Cargo - 7,SVISLOCH - 1071570
Tug - 3,GRIPHON 8 - 1611958
Navigation - 1,35 - 2288508
Navigation - 1,36 - 2288513
Tanker - 8,KEILA - 2420192
Tanker - 8,SBORSCHIK-1 - 3310363
Cargo - 7,CHAROITE - 3382564
Cargo - 7,PRINCESSE OUI - 3412946
Tanker - 8,SKAT - 3540301
Cargo - 7,ZHEN ZHU HAI - 3542150
Tug - 3,MB-96 - 3560489
Tug - 3,VLADIVOSTOK - 3562991
Tug - 3,MURMANSK - 3611326
Tug - 3,ARGO - 3653787
Tug - 3,C - 3653787
Tanker - 8,ZANA - 3809370
Tanker - 8,RONDO - 3811364
Tanker - 8,SLV-415 - 3829008
Cargo - 7,SAT AIS - 3917444
Cargo - 7,FEDERAL CEDAR - 3919413
Tanker - 8,MUDYU - 4109380
Tug - 3,RRRRGSDGSD - 4125527
Tug - 3,ELBRUS - 4157948
Pleasure - 9,FITTER WORKSHOP - 4316815
Cargo - 7,FITTER - 4331405
Passenger - 6,KONEVETS - 4353709
Passenger - 6,FITTER W - 4354379
Unspecified - 0,TST12 - 4497263
Cargo - 7,BOMAR VANQUISH - 4515761
Fishing - 2,SUJINYU00618 - 4661124
Unspecified - 0,BLACKPEARL 7.7V - 4666609
Unspecified - 0,BLACKPEARL 7.6V - 4666609
Unspecified - 0,BLACKPEARL 7.8V - 4666609
Unspecified - 0,BLACKPEARL 7.5V - 4666609
Unspecified - 0,BLACKPEARL 7.4V - 4666609
Unspecified - 0,BLACKPEARL 7.3V - 4666609
Tug - 3,REDUT - 4689892
Tanker - 8,VOVAN - 4709602
